Harness,Pin,Silkscreen label,Net on board,Wire,X_mm,Y_mm
J1,1,SPARE,not connected,22 AWG,7.00,62.00
J1,2,SIRQ,J1_SIRQ,22 AWG,7.00,58.00
J1,3,SOUND1,J1_S1,22 AWG,7.00,54.00
J1,4,SOUND0,J1_S0,22 AWG,7.00,50.00
J1,5,STAT1,not connected,22 AWG,7.00,46.00
J1,6,STAT0,not connected,22 AWG,7.00,42.00
J1,7,KEY/NC,not connected,22 AWG,7.00,38.00
J1,8,SOUND3,J1_S3,22 AWG,7.00,34.00
J1,9,SOUND2,J1_S2,22 AWG,7.00,30.00
J2,1,AGND,GND,18 AWG,20.00,8.40
J2,2,AGND,GND,18 AWG,25.08,8.40
J2,3,+5V,+5V,18 AWG,30.16,8.40
J2,4,+5V,+5V,18 AWG,35.24,8.40
J2,5,+12V,+12V,18 AWG,40.32,8.40
J2,6,+12V,+12V,18 AWG,45.40,8.40
J2,7,E-GND,GND,18 AWG,50.48,8.40
J2,8,KEY/NC,not connected,18 AWG,55.56,8.40
J2,9,RESET,RESET,18 AWG,60.64,8.40
J2,10,RESET,RESET,18 AWG,65.72,8.40
J2,11,LGND,GND,18 AWG,70.80,8.40
J2,12,LGND,GND,18 AWG,75.88,8.40
J3,1,VOL_WIPER,VOL_W,22 AWG,91.00,62.00
J3,2,AUDIO_L,AUD_L,22 AWG,91.00,58.00
J3,3,AUDIO_R,AUD_R,22 AWG,91.00,54.00
J3,4,AGND,GND,22 AWG,91.00,50.00
J3,5,AGND,GND,22 AWG,91.00,46.00
J3,6,AUDIO6,not connected,22 AWG,91.00,42.00
J3,7,AUDIO7,not connected,22 AWG,91.00,38.00
J3,8,AGND,GND,22 AWG,91.00,34.00
J3,9,KEY/NC,not connected,22 AWG,91.00,30.00
J3,10,VOL_END_A,VOL_A,22 AWG,91.00,26.00
J3,11,AGND,GND,22 AWG,91.00,22.00
J3,12,VOL_END_B,VOL_B,22 AWG,91.00,18.00
